length,path,min_edge_kzt,sum_kzt
2,100000005171642100 -> 100000004221668100 -> 100000005171642100,683600.0,1374200.0
2,100000000791285100 -> 100000008461532100 -> 100000000791285100,560000.0,1680000.0
2,100000005933757100 -> 100000002963189100 -> 100000005933757100,490000.0,1640000.0
2,100000001872484100 -> 100000008601794100 -> 100000001872484100,475400.0,1346800.0
2,100000001732159100 -> 100000008637537100 -> 100000001732159100,381890.0,2664990.0
2,100000002741024100 -> 100000007629096100 -> 100000002741024100,360000.0,1125205.0
2,100000002217161100 -> 100000001445848100 -> 100000002217161100,351850.0,897850.0
2,100000007390016100 -> 100000008324800100 -> 100000007390016100,346500.0,857500.0
2,100000002958343100 -> 100000000274067100 -> 100000002958343100,300000.0,3200000.0
2,100000004603109100 -> 100000002224132100 -> 100000004603109100,300000.0,2880000.0
2,100000004717647100 -> 100000004479404100 -> 100000004717647100,300000.0,1780000.0
3,100000008314203100 -> 100000008637537100 -> 100000001732159100 -> 100000008314203100,232000.0,2837176.0
2,100000002267998100 -> 100000003701161100 -> 100000002267998100,220000.0,1070000.0
2,100000004299488100 -> 100000007055802100 -> 100000004299488100,204999.0,809999.0
3,100000004979498100 -> 100000008571433100 -> 100000004135268100 -> 100000004979498100,200000.0,1964000.0
2,100000002267998100 -> 100000003718221100 -> 100000002267998100,200000.0,430000.0
2,100000003299365100 -> 100000003684369100 -> 100000003299365100,200000.0,400000.0
2,100000006069103100 -> 100000000201868100 -> 100000006069103100,190000.0,380000.0
2,100000004892144100 -> 100000002224132100 -> 100000004892144100,180300.0,4580300.0
2,100000006844768100 -> 100000004759121100 -> 100000006844768100,175000.0,457000.0
2,100000004670388100 -> 100000000291906100 -> 100000004670388100,160354.0,540354.0
2,100000002738256100 -> 100000004135268100 -> 100000002738256100,150200.0,325200.0
2,100000008571433100 -> 100000004135268100 -> 100000008571433100,150000.0,1214000.0
2,100000006579678100 -> 100000003237045100 -> 100000006579678100,150000.0,490200.0
2,100000008258083100 -> 100000000673868100 -> 100000008258083100,149500.0,2180150.0
2,100000000838385100 -> 100000008213966100 -> 100000000838385100,145000.0,581900.0
2,100000005519998100 -> 100000004017410100 -> 100000005519998100,141000.0,283000.0
2,100000004209339100 -> 100000003635170100 -> 100000004209339100,138500.0,371000.0
2,100000005339662100 -> 100000004820260100 -> 100000005339662100,135850.0,370050.0
2,100000003131016100 -> 100000000661912100 -> 100000003131016100,126000.0,531700.0
3,100000002267998100 -> 100000003701161100 -> 100000003718221100 -> 100000002267998100,120000.0,1170000.0
3,100000002267998100 -> 100000003718221100 -> 100000003701161100 -> 100000002267998100,120000.0,570000.0
2,100000006232815100 -> 100000001380054100 -> 100000006232815100,120000.0,280000.0
2,100000003701161100 -> 100000003718221100 -> 100000003701161100,120000.0,240000.0
3,100000007442518100 -> 100000008258083100 -> 100000000673868100 -> 100000007442518100,115000.0,5145650.0
2,100000005287097100 -> 100000003016635100 -> 100000005287097100,110723.0,503223.0
2,100000003001661100 -> 100000007382543100 -> 100000003001661100,110000.0,220000.0
3,100000004892144100 -> 100000002224132100 -> 100000004603109100 -> 100000004892144100,100000.0,2860300.0
3,100000008603629100 -> 100000001857829100 -> 100000003880331100 -> 100000008603629100,100000.0,1106000.0
2,100000001857829100 -> 100000003880331100 -> 100000001857829100,100000.0,400000.0
2,100000004407753100 -> 100000007382543100 -> 100000004407753100,100000.0,350000.0
2,100000008314203100 -> 100000001732159100 -> 100000008314203100,95000.0,417076.0
3,100000000594783100 -> 100000004603109100 -> 100000002224132100 -> 100000000594783100,92500.0,3027500.0
4,100000004892144100 -> 100000002224132100 -> 100000000594783100 -> 100000004603109100 -> 100000004892144100,92500.0,3007800.0
2,100000008762832100 -> 100000008748914100 -> 100000008762832100,85000.0,235000.0
2,100000003923946100 -> 100000003977183100 -> 100000003923946100,82000.0,364000.0
2,100000008736940100 -> 100000008659445100 -> 100000008736940100,77300.0,329800.0
3,100000008736940100 -> 100000008659445100 -> 100000008193577100 -> 100000008736940100,77300.0,290290.0
2,100000001677929100 -> 100000002394199100 -> 100000001677929100,76777.0,354175.0
2,100000002578405100 -> 100000001697501100 -> 100000002578405100,73700.0,193700.0
3,100000008736940100 -> 100000008659445100 -> 100000008751429100 -> 100000008736940100,72600.0,421600.0
4,100000008736940100 -> 100000008659445100 -> 100000008193577100 -> 100000008751429100 -> 100000008736940100,72600.0,313900.0
2,100000004330371100 -> 100000006534886100 -> 100000004330371100,71700.0,239200.0
2,100000008603629100 -> 100000002723538100 -> 100000008603629100,70647.0,155647.0
2,100000004015047100 -> 100000001616816100 -> 100000004015047100,69195.0,179695.0
3,100000008736940100 -> 100000008193577100 -> 100000008751429100 -> 100000008736940100,67300.0,216900.0
2,100000008736940100 -> 100000008193577100 -> 100000008736940100,67300.0,193290.0
5,100000004351795100 -> 100000008512552100 -> 100000003242289100 -> 100000008304139100 -> 100000006866783100 -> 100000004351795100,66404.0,1018865.0
4,100000004070318100 -> 100000006866783100 -> 100000004351795100 -> 100000000437046100 -> 100000004070318100,66404.0,783404.0
2,100000004070318100 -> 100000006866783100 -> 100000004070318100,64725.0,149725.0
2,100000004403675100 -> 100000003988112100 -> 100000004403675100,64000.0,156000.0
2,100000008547844100 -> 100000008547948100 -> 100000008547844100,61000.0,161000.0
6,100000004070318100 -> 100000008346837100 -> 100000005910114100 -> 100000006866783100 -> 100000004351795100 -> 100000000437046100 -> 100000004070318100,60059.0,1092184.0
4,100000004070318100 -> 100000008346837100 -> 100000005910114100 -> 100000006866783100 -> 100000004070318100,60059.0,458505.0
2,100000000594783100 -> 100000002224132100 -> 100000000594783100,60000.0,2695000.0
2,100000005820746100 -> 100000001965374100 -> 100000005820746100,60000.0,2049000.0
3,100000008314203100 -> 100000001732159100 -> 100000008637537100 -> 100000008314203100,60000.0,536890.0
2,100000008314203100 -> 100000008637537100 -> 100000008314203100,60000.0,292000.0
2,100000000267734100 -> 100000000031787100 -> 100000000267734100,60000.0,150000.0
3,100000004603109100 -> 100000002224132100 -> 100000000552584100 -> 100000004603109100,57500.0,2857500.0
4,100000004892144100 -> 100000002224132100 -> 100000000552584100 -> 100000004603109100 -> 100000004892144100,57500.0,2837800.0
4,100000008736940100 -> 100000008193577100 -> 100000008659445100 -> 100000008751429100 -> 100000008736940100,56190.0,467790.0
3,100000008736940100 -> 100000008193577100 -> 100000008659445100 -> 100000008736940100,56190.0,375990.0
2,100000008193577100 -> 100000008659445100 -> 100000008193577100,56190.0,143190.0
5,100000008686313100 -> 100000008603629100 -> 100000001857829100 -> 100000003880331100 -> 100000000331309100 -> 100000008686313100,55500.0,1256542.0
2,100000008686313100 -> 100000008603629100 -> 100000008686313100,55500.0,131193.0
2,100000001382002100 -> 100000005584222100 -> 100000001382002100,55000.0,111500.0
2,100000001937767100 -> 100000001616816100 -> 100000001937767100,53000.0,106000.0
2,100000004017410100 -> 100000004336312100 -> 100000004017410100,52650.0,111565.0
2,100000005382566100 -> 100000004041163100 -> 100000005382566100,50000.0,216000.0
6,100000008587459100 -> 100000006866783100 -> 100000004351795100 -> 100000008512552100 -> 100000003242289100 -> 100000008304139100 -> 100000008587459100,49000.0,1019365.0
6,100000004351795100 -> 100000003242289100 -> 100000008304139100 -> 100000008477350100 -> 100000005910114100 -> 100000006866783100 -> 100000004351795100,49000.0,651653.0
2,100000008512552100 -> 100000003242289100 -> 100000008512552100,49000.0,517791.0
2,100000006169033100 -> 100000008011159100 -> 100000006169033100,49000.0,395000.0
5,100000008587459100 -> 100000006866783100 -> 100000004351795100 -> 100000003242289100 -> 100000008304139100 -> 100000008587459100,49000.0,353474.0
4,100000004351795100 -> 100000003242289100 -> 100000008304139100 -> 100000006866783100 -> 100000004351795100,49000.0,352974.0
2,100000008389800100 -> 100000007511163100 -> 100000008389800100,49000.0,98000.0
4,100000008686313100 -> 100000006866783100 -> 100000004351795100 -> 100000000437046100 -> 100000008686313100,48100.0,1761487.0
6,100000008686313100 -> 100000006866783100 -> 100000004351795100 -> 100000000437046100 -> 100000001279272100 -> 100000000331309100 -> 100000008686313100,48100.0,1409546.0
6,100000004070318100 -> 100000008346837100 -> 100000005910114100 -> 100000008603629100 -> 100000008686313100 -> 100000006866783100 -> 100000004070318100,48100.0,573210.0
6,100000008686313100 -> 100000006866783100 -> 100000004351795100 -> 100000003242289100 -> 100000008304139100 -> 100000008603629100 -> 100000008686313100,48100.0,491767.0
2,100000008686313100 -> 100000006866783100 -> 100000008686313100,48100.0,273281.0
4,100000008686313100 -> 100000006866783100 -> 100000004351795100 -> 100000008603629100 -> 100000008686313100,48100.0,267197.0
4,100000008686313100 -> 100000006866783100 -> 100000004403675100 -> 100000000331309100 -> 100000008686313100,47187.0,527764.0
2,100000002796853100 -> 100000002781227100 -> 100000002796853100,46167.62,245167.62
4,100000008686313100 -> 100000006866783100 -> 100000004390333100 -> 100000000437046100 -> 100000008686313100,45751.0,1298834.0
6,100000008686313100 -> 100000006866783100 -> 100000004390333100 -> 100000000437046100 -> 100000001279272100 -> 100000000331309100 -> 100000008686313100,45751.0,946893.0
6,100000004070318100 -> 100000008346837100 -> 100000005910114100 -> 100000006866783100 -> 100000004390333100 -> 100000000437046100 -> 100000004070318100,45751.0,629531.0
4,100000004070318100 -> 100000006866783100 -> 100000004390333100 -> 100000000437046100 -> 100000004070318100,45751.0,320751.0
4,100000008686313100 -> 100000006866783100 -> 100000004390333100 -> 100000008603629100 -> 100000008686313100,45751.0,229544.0
2,100000004390333100 -> 100000006866783100 -> 100000004390333100,45751.0,105751.0
3,100000008686313100 -> 100000006866783100 -> 100000008137435100 -> 100000008686313100,43906.0,143406.0
2,100000006579678100 -> 100000003016635100 -> 100000006579678100,42930.0,124530.0
2,100000005704413100 -> 100000004569484100 -> 100000005704413100,41000.0,106705.0
6,100000008686313100 -> 100000006866783100 -> 100000004390333100 -> 100000008477350100 -> 100000008086440100 -> 100000000437046100 -> 100000008686313100,40000.0,1480067.0
6,100000008686313100 -> 100000008603629100 -> 100000003178549100 -> 100000001857829100 -> 100000003880331100 -> 100000000331309100 -> 100000008686313100,40000.0,947542.0
4,100000008603629100 -> 100000003178549100 -> 100000001857829100 -> 100000003880331100 -> 100000008603629100,40000.0,797000.0
2,100000004160650100 -> 100000002731501100 -> 100000004160650100,40000.0,590370.0
6,100000008686313100 -> 100000006866783100 -> 100000004390333100 -> 100000008477350100 -> 100000005910114100 -> 100000008603629100 -> 100000008686313100,40000.0,583135.0
6,100000004070318100 -> 100000006866783100 -> 100000004390333100 -> 100000008477350100 -> 100000008086440100 -> 100000000437046100 -> 100000004070318100,40000.0,501984.0
6,100000008686313100 -> 100000006866783100 -> 100000004390333100 -> 100000008477350100 -> 100000008086440100 -> 100000008603629100 -> 100000008686313100,40000.0,473177.0
4,100000004390333100 -> 100000008477350100 -> 100000005910114100 -> 100000006866783100 -> 100000004390333100,40000.0,468430.0
6,100000008686313100 -> 100000006866783100 -> 100000004390333100 -> 100000008477350100 -> 100000003968044100 -> 100000008603629100 -> 100000008686313100,40000.0,345544.0
2,100000002175422100 -> 100000003004487100 -> 100000002175422100,40000.0,155000.0
2,100000008603629100 -> 100000001138283100 -> 100000008603629100,40000.0,121805.0
2,100000001899164100 -> 100000000297649100 -> 100000001899164100,40000.0,110600.0
2,100000000933075100 -> 100000002193259100 -> 100000000933075100,40000.0,80000.0
2,100000003509750100 -> 100000001808684100 -> 100000003509750100,37700.0,86100.0
2,100000008736940100 -> 100000008751429100 -> 100000008736940100,37500.0,110100.0
3,100000005578559100 -> 100000005704413100 -> 100000004569484100 -> 100000005578559100,36834.67,153539.66999999998
2,100000006385877100 -> 100000006443391100 -> 100000006385877100,36602.93,90309.55
6,100000008686313100 -> 100000006866783100 -> 100000002306369100 -> 100000008477350100 -> 100000008086440100 -> 100000000437046100 -> 100000008686313100,35000.0,1502482.0
6,100000008686313100 -> 100000006866783100 -> 100000002306369100 -> 100000008111003100 -> 100000003796063100 -> 100000000331309100 -> 100000008686313100,35000.0,813508.0
6,100000005910114100 -> 100000006866783100 -> 100000002306369100 -> 100000008111003100 -> 100000003796063100 -> 100000008477350100 -> 100000005910114100,35000.0,667845.0
6,100000008686313100 -> 100000006866783100 -> 100000002306369100 -> 100000008477350100 -> 100000005910114100 -> 100000008603629100 -> 100000008686313100,35000.0,605550.0
6,100000005910114100 -> 100000006866783100 -> 100000002306369100 -> 100000008111003100 -> 100000003796063100 -> 100000008346837100 -> 100000005910114100,35000.0,604887.0
6,100000004070318100 -> 100000006866783100 -> 100000002306369100 -> 100000008477350100 -> 100000008086440100 -> 100000000437046100 -> 100000004070318100,35000.0,524399.0
6,100000008686313100 -> 100000006866783100 -> 100000002306369100 -> 100000008477350100 -> 100000008086440100 -> 100000008603629100 -> 100000008686313100,35000.0,495592.0
4,100000005910114100 -> 100000006866783100 -> 100000002306369100 -> 100000008477350100 -> 100000005910114100,35000.0,490845.0
6,100000005910114100 -> 100000008111003100 -> 100000003796063100 -> 100000006866783100 -> 100000002306369100 -> 100000008477350100 -> 100000005910114100,35000.0,407649.0
6,100000004390333100 -> 100000008477350100 -> 100000005910114100 -> 100000008111003100 -> 100000003796063100 -> 100000006866783100 -> 100000004390333100,35000.0,385234.0
6,100000004070318100 -> 100000008346837100 -> 100000005910114100 -> 100000008111003100 -> 100000003796063100 -> 100000006866783100 -> 100000004070318100,35000.0,375309.0
6,100000008686313100 -> 100000006866783100 -> 100000002306369100 -> 100000008477350100 -> 100000003968044100 -> 100000008603629100 -> 100000008686313100,35000.0,367959.0
4,100000005910114100 -> 100000008111003100 -> 100000003796063100 -> 100000008477350100 -> 100000005910114100,35000.0,357983.0
4,100000005910114100 -> 100000008111003100 -> 100000003796063100 -> 100000008346837100 -> 100000005910114100,35000.0,295025.0
4,100000006866783100 -> 100000002306369100 -> 100000008111003100 -> 100000003796063100 -> 100000006866783100,35000.0,226666.0
3,100000004160650100 -> 100000004005964100 -> 100000003616818100 -> 100000004160650100,35000.0,118000.0
2,100000003616818100 -> 100000004005964100 -> 100000003616818100,35000.0,75000.0
2,100000008111003100 -> 100000003796063100 -> 100000008111003100,35000.0,70000.0
6,100000008603629100 -> 100000002723538100 -> 100000003242289100 -> 100000008304139100 -> 100000001857829100 -> 100000003880331100 -> 100000008603629100,33000.0,947217.0
6,100000008603629100 -> 100000002723538100 -> 100000003242289100 -> 100000008304139100 -> 100000008477350100 -> 100000005910114100 -> 100000008603629100,33000.0,630808.0
6,100000008686313100 -> 100000008603629100 -> 100000002723538100 -> 100000003242289100 -> 100000008304139100 -> 100000006866783100 -> 100000008686313100,33000.0,621898.0
6,100000008086440100 -> 100000008603629100 -> 100000002723538100 -> 100000003242289100 -> 100000008304139100 -> 100000008477350100 -> 100000008086440100,33000.0,520850.0
6,100000004351795100 -> 100000008603629100 -> 100000002723538100 -> 100000003242289100 -> 100000008304139100 -> 100000006866783100 -> 100000004351795100,33000.0,484621.0
6,100000008603629100 -> 100000002723538100 -> 100000003242289100 -> 100000008304139100 -> 100000006866783100 -> 100000004390333100 -> 100000008603629100,33000.0,446968.0
6,100000008603629100 -> 100000002723538100 -> 100000003242289100 -> 100000008304139100 -> 100000008477350100 -> 100000003968044100 -> 100000008603629100,33000.0,393217.0
4,100000008603629100 -> 100000002723538100 -> 100000003242289100 -> 100000008304139100 -> 100000008603629100,33000.0,356217.0
2,100000005933757100 -> 100000004569484100 -> 100000005933757100,32607.0,71607.0
2,100000003115284100 -> 100000003360542100 -> 100000003115284100,30500.0,337500.0
6,100000008686313100 -> 100000006866783100 -> 100000004351795100 -> 100000003242289100 -> 100000008304139100 -> 100000000437046100 -> 100000008686313100,30000.0,1392057.0
6,100000008686313100 -> 100000008603629100 -> 100000002723538100 -> 100000003242289100 -> 100000008304139100 -> 100000000437046100 -> 100000008686313100,30000.0,1387700.0
2,100000008545727100 -> 100000005473151100 -> 100000008545727100,30000.0,1090000.0
6,100000004070318100 -> 100000006866783100 -> 100000004351795100 -> 100000003242289100 -> 100000008304139100 -> 100000000437046100 -> 100000004070318100,30000.0,413974.0
5,100000008547844100 -> 100000008465789100 -> 100000008466579100 -> 100000008489922100 -> 100000008547948100 -> 100000008547844100,30000.0,313099.0
2,100000005342513100 -> 100000002733905100 -> 100000005342513100,30000.0,265000.0
4,100000008547844100 -> 100000008465789100 -> 100000008466579100 -> 100000008547948100 -> 100000008547844100,30000.0,195099.0
2,100000008547948100 -> 100000008489922100 -> 100000008547948100,30000.0,117000.0
2,100000002391278100 -> 100000004221668100 -> 100000002391278100,30000.0,82700.0
2,100000007131370100 -> 100000000076451100 -> 100000007131370100,30000.0,60000.0
2,100000003942602100 -> 100000002527114100 -> 100000003942602100,30000.0,60000.0
6,100000004070318100 -> 100000008346837100 -> 100000004351795100 -> 100000000437046100 -> 100000008686313100 -> 100000006866783100 -> 100000004070318100,29511.0,1849378.0
4,100000004070318100 -> 100000008346837100 -> 100000004351795100 -> 100000000437046100 -> 100000004070318100,29511.0,721570.0
6,100000004070318100 -> 100000008346837100 -> 100000004351795100 -> 100000003242289100 -> 100000008304139100 -> 100000006866783100 -> 100000004070318100,29511.0,440865.0
6,100000004070318100 -> 100000008346837100 -> 100000004351795100 -> 100000008603629100 -> 100000008686313100 -> 100000006866783100 -> 100000004070318100,29511.0,355088.0
6,100000004070318100 -> 100000008346837100 -> 100000004351795100 -> 100000003242289100 -> 100000008304139100 -> 100000000437046100 -> 100000004070318100,29511.0,352140.0
2,100000008686313100 -> 100000000437046100 -> 100000008686313100,29200.0,1134183.0
4,100000008686313100 -> 100000000437046100 -> 100000001279272100 -> 100000000331309100 -> 100000008686313100,29200.0,782242.0
6,100000004070318100 -> 100000008346837100 -> 100000005910114100 -> 100000006866783100 -> 100000008686313100 -> 100000000437046100 -> 100000004070318100,29200.0,738161.0
6,100000004070318100 -> 100000006866783100 -> 100000004403675100 -> 100000000331309100 -> 100000008686313100 -> 100000000437046100 -> 100000004070318100,29200.0,683864.0
6,100000004070318100 -> 100000008346837100 -> 100000005910114100 -> 100000008603629100 -> 100000008686313100 -> 100000000437046100 -> 100000004070318100,29200.0,579585.0
4,100000004070318100 -> 100000006866783100 -> 100000008686313100 -> 100000000437046100 -> 100000004070318100,29200.0,429381.0
6,100000004070318100 -> 100000006866783100 -> 100000004351795100 -> 100000008603629100 -> 100000008686313100 -> 100000000437046100 -> 100000004070318100,29200.0,423297.0
6,100000004070318100 -> 100000006866783100 -> 100000004390333100 -> 100000008603629100 -> 100000008686313100 -> 100000000437046100 -> 100000004070318100,29200.0,385644.0
6,100000004070318100 -> 100000008346837100 -> 100000004351795100 -> 100000008603629100 -> 100000008686313100 -> 100000000437046100 -> 100000004070318100,29200.0,361463.0
5,100000004070318100 -> 100000006866783100 -> 100000008137435100 -> 100000008686313100 -> 100000000437046100 -> 100000004070318100,29200.0,299506.0
2,100000004160650100 -> 100000003616818100 -> 100000004160650100,28000.0,63100.0
6,100000008686313100 -> 100000006866783100 -> 100000004351795100 -> 100000000437046100 -> 100000007639767100 -> 100000008603629100 -> 100000008686313100,27868.0,858315.0
6,100000008686313100 -> 100000006866783100 -> 100000004390333100 -> 100000000437046100 -> 100000007639767100 -> 100000008603629100 -> 100000008686313100,27868.0,395662.0
6,100000008603629100 -> 100000002723538100 -> 100000003242289100 -> 100000008304139100 -> 100000000437046100 -> 100000007639767100 -> 100000008603629100,27868.0,353335.0
4,100000008686313100 -> 100000000437046100 -> 100000007639767100 -> 100000008603629100 -> 100000008686313100,27868.0,231011.0
2,100000000437046100 -> 100000007639767100 -> 100000000437046100,27868.0,77868.0
6,100000008512552100 -> 100000003178549100 -> 100000001857829100 -> 100000008603629100 -> 100000002723538100 -> 100000003242289100 -> 100000008512552100,26000.0,447647.0
2,100000008603629100 -> 100000001857829100 -> 100000008603629100,26000.0,434000.0
5,100000008603629100 -> 100000002723538100 -> 100000003242289100 -> 100000008304139100 -> 100000001857829100 -> 100000008603629100,26000.0,275217.0
3,100000008603629100 -> 100000003178549100 -> 100000001857829100 -> 100000008603629100,26000.0,125000.0
6,100000008686313100 -> 100000008477350100 -> 100000005910114100 -> 100000006866783100 -> 100000004351795100 -> 100000000437046100 -> 100000008686313100,25800.0,2121866.0
6,100000008686313100 -> 100000008477350100 -> 100000005910114100 -> 100000006866783100 -> 100000004390333100 -> 100000000437046100 -> 100000008686313100,25800.0,1659213.0
4,100000008686313100 -> 100000008477350100 -> 100000008086440100 -> 100000000437046100 -> 100000008686313100,25800.0,1372016.0
6,100000008686313100 -> 100000008477350100 -> 100000008086440100 -> 100000000437046100 -> 100000001279272100 -> 100000000331309100 -> 100000008686313100,25800.0,1020075.0
6,100000008686313100 -> 100000008477350100 -> 100000005910114100 -> 100000001857829100 -> 100000003880331100 -> 100000000331309100 -> 100000008686313100,25800.0,1008844.0
6,100000008686313100 -> 100000008477350100 -> 100000005910114100 -> 100000001857829100 -> 100000003880331100 -> 100000008603629100 -> 100000008686313100,25800.0,989495.0
6,100000008686313100 -> 100000008477350100 -> 100000005910114100 -> 100000006866783100 -> 100000004403675100 -> 100000000331309100 -> 100000008686313100,25800.0,888143.0
6,100000008686313100 -> 100000008477350100 -> 100000005910114100 -> 100000008111003100 -> 100000003796063100 -> 100000000331309100 -> 100000008686313100,25800.0,864025.0
6,100000004070318100 -> 100000006866783100 -> 100000008686313100 -> 100000008477350100 -> 100000008086440100 -> 100000000437046100 -> 100000004070318100,25800.0,667214.0
4,100000008686313100 -> 100000008477350100 -> 100000005910114100 -> 100000006866783100 -> 100000008686313100,25800.0,633660.0
6,100000008686313100 -> 100000008477350100 -> 100000005910114100 -> 100000006866783100 -> 100000004351795100 -> 100000008603629100 -> 100000008686313100,25800.0,627576.0
6,100000008686313100 -> 100000008477350100 -> 100000005910114100 -> 100000006866783100 -> 100000004390333100 -> 100000008603629100 -> 100000008686313100,25800.0,589923.0
6,100000008686313100 -> 100000008477350100 -> 100000005910114100 -> 100000008111003100 -> 100000003796063100 -> 100000006866783100 -> 100000008686313100,25800.0,550464.0
5,100000008686313100 -> 100000008477350100 -> 100000005910114100 -> 100000006866783100 -> 100000008137435100 -> 100000008686313100,25800.0,503785.0
4,100000008686313100 -> 100000008477350100 -> 100000005910114100 -> 100000008603629100 -> 100000008686313100,25800.0,475084.0
