rank,gid,role,priority_score,why,cluster_id,is_seed
1,100000000331309100,coordinator,0.8619,"Координатор, кандидат в организаторы. Собирает от 5 плательщиков 984 635 ₸ и рассылает 99 получателям 23,00 млн ₸; сюда ведут пути от 7 seed. Признаки координации. Отдаёт больше, чем получил в выборке: есть источники вне данных. Почему в топе: оборот 23,99 млн ₸; мост между частями сети (посредничество выше, чем у 99% узлов); 3 плательщика в один день, возвратные потоки, повторяющийся маршрут.",7,False
2,100000000437046100,coordinator,0.8604,"Координатор, кандидат в организаторы. Собирает от 9 плательщиков 1,11 млн ₸ и рассылает 42 получателям 7,61 млн ₸; сюда ведут пути от 7 seed. Признаки координации. Отдаёт больше, чем получил в выборке: есть источники вне данных. Почему в топе: оборот 8,71 млн ₸; мост между частями сети (посредничество выше, чем у 97% узлов); сквозной транзит за 2 дня, 3 плательщика в один день, возвратные потоки…",2,False
3,100000008603629100,coordinator,0.8582,"Координатор, кандидат в организаторы. Собирает от 19 плательщиков 1,82 млн ₸ и рассылает 61 получателю 4,99 млн ₸; сюда ведут пути от 7 seed. Признаки координации. Отдаёт больше, чем получил в выборке: есть источники вне данных. Почему в топе: оборот 6,80 млн ₸; мост между частями сети (посредничество выше, чем у 99% узлов); сквозной транзит за 2 дня, 4 плательщика в один день, возвратные потоки…",6,False
4,100000008547948100,coordinator,0.8335,"Координатор, кандидат в организаторы. Собирает от 6 плательщиков 212 665 ₸ и рассылает 26 получателям 5,19 млн ₸; сюда ведут пути от 8 seed. Признаки координации. Отдаёт больше, чем получил в выборке: есть источники вне данных. Почему в топе: сюда ведут пути от 8 seed; оборот 5,40 млн ₸; мост между частями сети (посредничество выше, чем у 94% узлов); 4 плательщика в один день, возвратные потоки…",5,False
5,100000004400305100,coordinator,0.8288,"Координатор, кандидат в организаторы. Собирает от 7 плательщиков 222 800 ₸ и рассылает 82 получателям 5,83 млн ₸; сюда ведут пути от 7 seed. Признаки координации. Отдаёт больше, чем получил в выборке: есть источники вне данных. Почему в топе: оборот 6,05 млн ₸; мост между частями сети (посредничество выше, чем у 98% узлов); сквозной транзит за 2 дня, возвратные потоки, повторяющийся маршрут.",2,False
6,100000008165763100,coordinator,0.8205,"Координатор, кандидат в организаторы. Собирает от 15 плательщиков 1,17 млн ₸ и рассылает 17 получателям 1,27 млн ₸; сюда ведут пути от 9 seed. Признаки координации. Почему в топе: сюда ведут пути от 9 seed; оборот 2,43 млн ₸; сквозной транзит за 2 дня, 4 плательщика в один день, повторяющийся маршрут.",3,False
7,100000008477350100,coordinator,0.8187,"Координатор, кандидат в организаторы. Собирает от 11 плательщиков 610 100 ₸ и рассылает 39 получателям 3,37 млн ₸; сюда ведут пути от 7 seed. Признаки координации. Отдаёт больше, чем получил в выборке: есть источники вне данных. Почему в топе: оборот 3,98 млн ₸; мост между частями сети (посредничество выше, чем у 98% узлов); сквозной транзит за 2 дня, возвратные потоки, повторяющийся маршрут.",2,False
8,100000001857829100,coordinator,0.8114,"Координатор, кандидат в организаторы. Собирает от 6 плательщиков 888 535 ₸ и рассылает 16 получателям 2,39 млн ₸; сюда ведут пути от 7 seed. Признаки координации. Отдаёт больше, чем получил в выборке: есть источники вне данных. Почему в топе: оборот 3,28 млн ₸; мост между частями сети (посредничество выше, чем у 96% узлов); сквозной транзит за 2 дня, 3 плательщика в один день, возвратные потоки.",6,False
9,100000004156082100,coordinator,0.8079,"Координатор, кандидат в организаторы. Собирает от 5 плательщиков 377 366 ₸ и рассылает 26 получателям 2,32 млн ₸; сюда ведут пути от 7 seed. Признаки координации. Отдаёт больше, чем получил в выборке: есть источники вне данных. Почему в топе: оборот 2,70 млн ₸; мост между частями сети (посредничество выше, чем у 97% узлов); сквозной транзит за 2 дня, возвратные потоки, повторяющийся маршрут.",15,False
10,100000008686313100,coordinator,0.803,"Координатор, кандидат в организаторы. Собирает от 6 плательщиков 1,91 млн ₸ и рассылает 7 получателям 333 800 ₸; сюда ведут пути от 7 seed. Признаки координации. Почему в топе: оборот 2,25 млн ₸; мост между частями сети (посредничество выше, чем у 96% узлов); сквозной транзит за 2 дня, возвратные потоки, повторяющийся маршрут.",2,False
11,100000008346837100,coordinator,0.7997,"Координатор, кандидат в организаторы. Собирает от 9 плательщиков 254 359 ₸ и рассылает 25 получателям 1,26 млн ₸; сюда ведут пути от 7 seed. Признаки координации. Отдаёт больше, чем получил в выборке: есть источники вне данных. Почему в топе: оборот 1,51 млн ₸; мост между частями сети (посредничество выше, чем у 100% узлов); сквозной транзит за 2 дня, 4 плательщика в один день, возвратные потоки.",11,False
12,100000003115284100,consolidator,0.7888,"Точка консолидации. Получает от 8 плательщиков (из них seed: 2) 2,16 млн ₸; дальше отдаёт 24% (517 000 ₸). Признаки консолидации. Почему в топе: сюда ведут пути от 11 seed; оборот 2,68 млн ₸; сквозной транзит за 2 дня, 7 плательщиков в один день, возвратные потоки, повторяющийся маршрут.",10,False
13,100000005782781100,coordinator,0.7847,"Координатор, кандидат в организаторы. Собирает от 6 плательщиков 171 888 ₸ и рассылает 10 получателям 1,26 млн ₸; сюда ведут пути от 7 seed. Признаки координации. Отдаёт больше, чем получил в выборке: есть источники вне данных. Почему в топе: оборот 1,44 млн ₸; мост между частями сети (посредничество выше, чем у 91% узлов); сквозной транзит за 2 дня, 3 плательщика в один день, возвратные потоки.",8,False
14,100000007442518100,coordinator,0.7798,"Координатор, кандидат в организаторы. Собирает от 5 плательщиков 510 000 ₸ и рассылает 9 получателям 4,42 млн ₸; сюда ведут пути от 7 seed. Признаки координации. Отдаёт больше, чем получил в выборке: есть источники вне данных. Почему в топе: оборот 4,93 млн ₸; сквозной транзит за 2 дня, возвратные потоки.",31,False
15,100000003684369100,coordinator,0.7187,"Координатор, кандидат в организаторы. seed. Собирает от 24 плательщиков 3,85 млн ₸ и рассылает 62 получателям 8,59 млн ₸; сюда ведут пути от 9 seed. Признаки координации. Почему в топе: сюда ведут пути от 9 seed; оборот 12,44 млн ₸; мост между частями сети (посредничество выше, чем у 97% узлов); 6 плательщиков в один день, повторяющийся маршрут; seed уже в деле, приоритет снижен.",3,True
16,100000005933757100,distributor,0.7166,"Распределитель (веер). Рассылает 34 получателям 3,00 млн ₸, в среднем 88 313 ₸ на получателя; входящих плательщиков 4. Признаки веерного распределения. Отдаёт больше, чем получил в выборке: есть источники вне данных. Почему в топе: оборот 4,25 млн ₸; мост между частями сети (посредничество выше, чем у 99% узлов); сквозной транзит за 2 дня, возвратные потоки, повторяющийся маршрут.",14,False
17,100000006889963100,consolidator,0.7139,"Точка консолидации. Получает от 4 плательщиков (из них seed: 2) 1,43 млн ₸; дальше отдаёт 31% (443 476 ₸). Признаки консолидации. Почему в топе: сюда ведут пути от 11 seed; оборот 1,87 млн ₸; сквозной транзит за 2 дня, 4 плательщика в один день, повторяющийся маршрут.",7,False
18,100000003016635100,coordinator,0.7051,"Координатор, кандидат в организаторы. seed. Собирает от 8 плательщиков 586 981 ₸ и рассылает 73 получателям 9,41 млн ₸; сюда ведут пути от 6 seed. Признаки координации. Почему в топе: оборот 10,00 млн ₸; мост между частями сети (посредничество выше, чем у 100% узлов); 3 плательщика в один день, возвратные потоки, повторяющийся маршрут; seed уже в деле, приоритет снижен.",4,True
19,100000004403675100,consolidator,0.6992,"Точка консолидации. Получает от 4 плательщиков (из них seed: 2) 182 980 ₸; отдаёт больше полученного в выборке (264 699 ₸): есть источники вне данных. Признаки консолидации. Почему в топе: мост между частями сети (посредничество выше, чем у 98% узлов); сквозной транзит за 2 дня, возвратные потоки, повторяющийся маршрут.",19,False
20,100000002957787100,distributor,0.6907,"Распределитель (веер). Рассылает 34 получателям 1,28 млн ₸, в среднем 37 534 ₸ на получателя; входящих плательщиков 4. Признаки веерного распределения. Отдаёт больше, чем получил в выборке: есть источники вне данных. Почему в топе: оборот 1,36 млн ₸; мост между частями сети (посредничество выше, чем у 99% узлов); сквозной транзит за 2 дня, возвратные потоки, повторяющийся маршрут.",2,False
21,100000006866783100,coordinator,0.6905,"Координатор, кандидат в организаторы. seed. Собирает от 13 плательщиков 838 812 ₸ и рассылает 67 получателям 3,95 млн ₸; сюда ведут пути от 6 seed. Признаки координации. Почему в топе: оборот 4,79 млн ₸; мост между частями сети (посредничество выше, чем у 100% узлов); 5 плательщиков в один день, возвратные потоки, повторяющийся маршрут; seed уже в деле, приоритет снижен.",2,True
22,100000008730846100,consolidator,0.6893,"Точка консолидации. Получает от 7 плательщиков 155 042 ₸; отдаёт больше полученного в выборке (363 370 ₸): есть источники вне данных. Признаки консолидации. Почему в топе: сюда ведут пути от 8 seed; сквозной транзит за 2 дня, 4 плательщика в один день, повторяющийся маршрут.",10,False
23,100000002741024100,coordinator,0.6858,"Координатор, кандидат в организаторы. Собирает от 5 плательщиков 817 981 ₸ и рассылает 6 получателям 434 989 ₸; сюда ведут пути от 7 seed. Признаки координации. Почему в топе: оборот 1,25 млн ₸.",6,False
24,100000008710791100,distributor,0.6833,"Распределитель (веер). Рассылает 23 получателям 5,52 млн ₸, в среднем 240 066 ₸ на получателя; входящих плательщиков 3. Признаки веерного распределения. Отдаёт больше, чем получил в выборке: есть источники вне данных. Почему в топе: сюда ведут пути от 9 seed; оборот 5,70 млн ₸; сквозной транзит за 2 дня.",5,False
25,100000000661912100,consolidator,0.6832,"Точка консолидации. Получает от 5 плательщиков (из них seed: 1) 393 036 ₸; дальше отдаёт 110% (430 700 ₸). Признаки консолидации. Почему в топе: мост между частями сети (посредничество выше, чем у 95% узлов); сквозной транзит за 2 дня, повторяющийся маршрут.",2,False
26,100000003242289100,distributor,0.6753,"Распределитель (веер). Рассылает 23 получателям 2,38 млн ₸, в среднем 103 380 ₸ на получателя; входящих плательщиков 3. Признаки веерного распределения. Отдаёт больше, чем получил в выборке: есть источники вне данных. Почему в топе: оборот 2,93 млн ₸; мост между частями сети (посредничество выше, чем у 94% узлов); возвратные потоки, повторяющийся маршрут.",16,False
27,100000007908818100,consolidator,0.6728,"Точка консолидации. Получает от 4 плательщиков (из них seed: 2) 727 475 ₸; дальше отдаёт 42% (302 000 ₸). Признаки консолидации. Почему в топе: сюда ведут пути от 11 seed; оборот 1,03 млн ₸.",3,False
28,100000008489922100,distributor,0.6699,"Распределитель (веер). Рассылает 36 получателям 3,79 млн ₸, в среднем 105 275 ₸ на получателя; входящих плательщиков 3. Признаки веерного распределения. Отдаёт больше, чем получил в выборке: есть источники вне данных. Почему в топе: сюда ведут пути от 8 seed; оборот 4,05 млн ₸; мост между частями сети (посредничество выше, чем у 93% узлов); возвратные потоки.",5,False
29,100000005704413100,distributor,0.6659,"Распределитель (веер). Рассылает 32 получателям 1,36 млн ₸, в среднем 42 612 ₸ на получателя; входящих плательщиков 3. Признаки веерного распределения. Отдаёт больше, чем получил в выборке: есть источники вне данных. Почему в топе: оборот 1,46 млн ₸; мост между частями сети (посредничество выше, чем у 98% узлов); возвратные потоки, повторяющийся маршрут.",9,False
30,100000008517538100,distributor,0.6619,"Распределитель (веер). Рассылает 17 получателям 1,44 млн ₸, в среднем 84 647 ₸ на получателя; входящих плательщиков 3. Признаки веерного распределения. Отдаёт больше, чем получил в выборке: есть источники вне данных. Почему в топе: сюда ведут пути от 8 seed; оборот 1,59 млн ₸; сквозной транзит за 2 дня, повторяющийся маршрут.",5,False
